{
  "stage": "200",
  "baseline_name": "baseline",
  "best_variant": "aux_v1",
  "rows": [
    {
      "variant": "baseline",
      "accuracy": 0.2733333333333333,
      "raw_accuracy": 0.2566666666666666,
      "mean_compute": 0.44923128008842467,
      "total_evaluated": 200,
      "path": "outputs/phaseC_textvqa/baseline_200.json",
      "delta_accuracy_vs_baseline": 0.0,
      "delta_compute_vs_baseline": 0.0
    },
    {
      "variant": "prior_v1",
      "accuracy": 0.28,
      "raw_accuracy": 0.2633333333333333,
      "mean_compute": 0.44830397367477415,
      "total_evaluated": 200,
      "path": "outputs/phaseC_textvqa/prior_v1_200.json",
      "delta_accuracy_vs_baseline": 0.00666666666666671,
      "delta_compute_vs_baseline": -0.0009273064136505194
    },
    {
      "variant": "aux_v1",
      "accuracy": 0.38666666666666677,
      "raw_accuracy": 0.3900000000000001,
      "mean_compute": 0.39157509326934814,
      "total_evaluated": 200,
      "path": "outputs/phaseC_textvqa/aux_v1_200.json",
      "delta_accuracy_vs_baseline": 0.11333333333333345,
      "delta_compute_vs_baseline": -0.05765618681907653
    }
  ]
}